,,Trimmed,Raw,Percentage trimmed,
Negative3_0605,Negative3_0605,2542,2626,3.30,
NegativeSab_0905,NegativeSab_0905,14080,14316,1.68,
Negative_0705,Negative_0705,1726,1773,2.72,
Negative_0805,Negative_0805,14672,14961,1.97,
Negative_1305,Negative_1305,6845,6995,2.19,
Negative_2504,Negative_2504,1081,1120,3.61,
Negcontrole_librrun,Negcontrole_librrun,12140,12363,1.84,
PEDI00208_Rand,PEDI00208_Rand,11212,11626,3.69,
PEDI00209_Rand,PEDI00209_Rand,36501,37433,2.55,
PEDI00210_Rand,PEDI00210_Rand,49282,50799,3.08,
PEDI00211_Rand,PEDI00211_Rand,63718,66058,3.67,
PEDI00212_Rand,PEDI00212_Rand,104761074,108737457,3.80,
PEDI00213_Rand,PEDI00213_Rand,9514,10035,5.48,
PEDI00214_Rand,PEDI00214_Rand,36719,38021,3.55,
PEDI00216_Rand,PEDI00216_Rand,68721,70843,3.09,
PEDI00217_Rand,PEDI00217_Rand,38173,39549,3.60,
PEDI00218_Rand,PEDI00218_Rand,35349376,36863644,4.28,
PEDI00221_Rand,PEDI00221_Rand,20543,21371,4.03,
PEDI00232_Rand,PEDI00232_Rand,2063,2127,3.10,
PEDI00237_Rand,PEDI00237_Rand,3836,3958,3.18,
PEDI00238_Rand,PEDI00238_Rand,139817,144002,2.99,
PEDI00239_Rand,PEDI00239_Rand,43884,45140,2.86,
PEDI00240_Rand,PEDI00240_Rand,26148,27065,3.51,
PEDI00241_Rand,PEDI00241_Rand,94388,96893,2.65,
PEDI00242_Rand,PEDI00242_Rand,174793790,181500463,3.84,
PEDI00243_Rand,PEDI00243_Rand,126847,130102,2.57,
PEDI00244_Rand,PEDI00244_Rand,22105,22852,3.38,
PEDI00245_Rand,PEDI00245_Rand,145323,148577,2.24,
PEDI00246_Rand,PEDI00246_Rand,660055,677034,2.57,
PEDI00247_Rand,PEDI00247_Rand,2777637,2859027,2.93,
PEDI00248_Rand,PEDI00248_Rand,16804,17265,2.74,
PEDI00249_Rand,PEDI00249_Rand,409521,422970,3.28,
PEDI00250_Rand,PEDI00250_Rand,6436,6640,3.17,
PEDI00251_Rand,PEDI00251_Rand,7064661,7260620,2.77,
PEDI00252_Rand,PEDI00252_Rand,3015891,3111618,3.17,
PEDI00257_Rand,PEDI00257_Rand,33204,34079,2.64,
PEDI00261_Rand,PEDI00261_Rand,94610202,98136719,3.73,
PEDI00264_Rand,PEDI00264_Rand,52864,54790,3.64,
PEDI00268_Rand,PEDI00268_Rand,21325867,22089778,3.58,
PEDI00270_Rand,PEDI00270_Rand,172761,177852,2.95,
PEDI01152_Rand,PEDI01152_Rand,26239579,26655204,1.58,
PEDI01153_Rand,PEDI01153_Rand,98473,100021,1.57,
PEDI01154_Rand,PEDI01154_Rand,12261192,12451743,1.55,
PEDI01160_Rand,PEDI01160_Rand,1926055,1961049,1.82,
PEDI01161_Rand,PEDI01161_Rand,2448724,2483065,1.40,
PEDI01162_Rand,PEDI01162_Rand,21084495,21442946,1.70,
PEDI01163_Rand,PEDI01163_Rand,493946,501072,1.44,
PEDI01164_Rand,PEDI01164_Rand,11337,11604,2.36,
PEDI01165_Rand,PEDI01165_Rand,28529122,28974935,1.56,
PEDI01167_Rand,PEDI01167_Rand,30541278,31330661,2.58,
PEDI01169_Rand,PEDI01169_Rand,38259,38787,1.38,
PEDI01172_Rand,PEDI01172_Rand,7342,7480,1.88,
PEDI01174_Rand,PEDI01174_Rand,1317774,1334776,1.29,
PEDI01178_Rand,PEDI01178_Rand,503174,510076,1.37,
PEDI01181_Rand,PEDI01181_Rand,25,53,112.00,
PEDI01183_Rand,PEDI01183_Rand,7024,7134,1.57,
PEDI01184_Rand,PEDI01184_Rand,10262,10412,1.46,
PEDI01185_Rand,PEDI01185_Rand,1823002,1845675,1.24,
PEDI01187_Rand,PEDI01187_Rand,26987,27341,1.31,
PEDI01189_Rand,PEDI01189_Rand,51025452,51706947,1.34,
PEDI01192_Rand,PEDI01192_Rand,58348,59238,1.53,
PEDI01193_Rand,PEDI01193_Rand,2704773,2743401,1.43,
PEDI01195_Rand,PEDI01195_Rand,5881405,5951532,1.19,
PEDI01196_Rand,PEDI01196_Rand,335374,339895,1.35,
PEDI01197_Rand,PEDI01197_Rand,10636,10758,1.15,
PEDI01198_Rand,PEDI01198_Rand,102609,103879,1.24,
PEDI01199_Rand,PEDI01199_Rand,274173,277175,1.09,
PEDI01200_Rand,PEDI01200_Rand,48514774,49328466,1.68,
PEDI01201_Rand,PEDI01201_Rand,132304,134110,1.37,
PEDI01202_Rand,PEDI01202_Rand,1776994,1797979,1.18,
PEDI01203_Rand,PEDI01203_Rand,225612,229151,1.57,
PEDI01204_Rand,PEDI01204_Rand,714187,728052,1.94,
PEDI01206_Rand,PEDI01206_Rand,2180856,2205466,1.13,
PEDI01207_Rand,PEDI01207_Rand,1158219,1170673,1.08,
PEDI01208_Rand,PEDI01208_Rand,14432,14571,0.96,
PEDI01209_Rand,PEDI01209_Rand,1157929,1171913,1.21,
PEDI01210_Rand,PEDI01210_Rand,1886471,1905645,1.02,
PEDI01212_Rand,PEDI01212_Rand,36992,37534,1.47,
PEDI01213_Rand,PEDI01213_Rand,2196960,2225744,1.31,
PEDI01214_Rand,PEDI01214_Rand,46728,47433,1.51,
PEDI01215_Rand,PEDI01215_Rand,392296,396980,1.19,
PEDI01216_Rand,PEDI01216_Rand,17367610,17663020,1.70,
PEDI02946_Rand,PEDI02946_Rand,305651,313007,2.41,
PEDI02947_Rand,PEDI02947_Rand,261422,268554,2.73,
PEDI02949_Rand,PEDI02949_Rand,78471,80695,2.83,
PEDI02951_Rand,PEDI02951_Rand,196931,203352,3.26,
PEDI02958_Rand,PEDI02958_Rand,492900,505235,2.50,
PEDI02963_Rand,PEDI02963_Rand,442788,454517,2.65,
PEDI02964_Rand,PEDI02964_Rand,11688,12035,2.97,
PEDI02966_Rand,PEDI02966_Rand,9338,9649,3.33,
PEDI02991_Rand,PEDI02991_Rand,377526,389908,3.28,
PEDI02994_Rand,PEDI02994_Rand,25676,26615,3.66,
PEDI02995_Rand,PEDI02995_Rand,267584,277299,3.63,
PEDI02999_Rand,PEDI02999_Rand,2565743,2602721,1.44,
PEDI03000_Rand,PEDI03000_Rand,10004,10353,3.49,
Positive_1305,Positive_1305,19278013,19650978,1.93,
,,,,5.47614042463738,# reads cutoff
,,,,73,20000
,,,,59,50000
,,,,52,100000
,,,,33,500000
